{"train/loss_rpn_cls": 0.15112344905734063, "train/loss_rpn_bbox": 0.08478867247700692, "train/loss_cls": 0.4426105052232742, "train/acc": 88.98046875, "train/loss_bbox": 0.3704676692187786, "train/loss": 1.0489902818202972, "train/grad_norm": 2.1456049990653994, "learning_rate": 0.0009829630835154026, "momentum": 0.9, "_runtime": 594, "_timestamp": 1620787228, "_step": 955, "val/bbox_mAP": 0.007, "val/bbox_mAP_50": 0.025, "val/bbox_mAP_75": 0.002, "val/bbox_mAP_s": 0.001, "val/bbox_mAP_m": 0.013, "val/bbox_mAP_l": 0.013}