{"train/loss_rpn_cls": 0.007264040111767827, "train/loss_rpn_bbox": 0.03219604792306199, "train/loss_cls": 0.11048539560288191, "train/acc": 95.9921875, "train/loss_bbox": 0.19422843627631664, "train/loss": 0.34417392186820506, "train/grad_norm": 3.2928251934051516, "learning_rate": 5.000000000000001e-07, "momentum": 0.9, "_runtime": 6942, "_timestamp": 1620889073, "_step": 16376, "val/bbox_mAP": 0.203, "val/bbox_mAP_50": 0.341, "val/bbox_mAP_75": 0.201, "val/bbox_mAP_s": 0.028, "val/bbox_mAP_m": 0.177, "val/bbox_mAP_l": 0.379}