{"train/loss_rpn_cls": 0.04874903187621385, "train/loss_rpn_bbox": 0.030421053719474, "train/loss_glbctx": 0.18885562606155873, "train/s0.loss_cls": 0.2329723549261689, "train/s0.acc": 92.06640625, "train/s0.loss_bbox": 0.145307740829885, "train/s1.loss_cls": 0.10072931511327625, "train/s1.acc": 93.13177963256835, "train/s1.loss_bbox": 0.12685190548188985, "train/s2.loss_cls": 0.0492325406614691, "train/s2.acc": 93.20613967895508, "train/s2.loss_bbox": 0.0713958568777889, "train/loss_mask": 0.33881820797920226, "train/loss": 1.333333637714386, "train/grad_norm": 18.26656584739685, "learning_rate": 5e-06, "momentum": 0.9, "_runtime": 5743, "_timestamp": 1621491935, "_step": 15562, "val/bbox_mAP": 0.259, "val/bbox_mAP_50": 0.398, "val/bbox_mAP_75": 0.279, "val/bbox_mAP_s": 0.049, "val/bbox_mAP_m": 0.226, "val/bbox_mAP_l": 0.438}