{"train/loss_rpn_cls": 0.008182657321813168, "train/loss_rpn_bbox": 0.034079728623619306, "train/loss_cls": 0.11907136656343936, "train/acc": 95.6611328125, "train/loss_bbox": 0.19760676711797714, "train/loss": 0.35894052058458326, "train/grad_norm": 3.9702588748931884, "learning_rate": 5.000000000000001e-07, "momentum": 0.9, "_runtime": 7979, "_timestamp": 1621189002, "_step": 13350, "val/bbox_mAP": 0.216, "val/bbox_mAP_50": 0.37, "val/bbox_mAP_75": 0.228, "val/bbox_mAP_s": 0.037, "val/bbox_mAP_m": 0.181, "val/bbox_mAP_l": 0.396}