{"train/loss_rpn_cls": 0.011170222264481708, "train/loss_rpn_bbox": 0.03439901466947049, "train/loss_cls": 0.14352573096752166, "train/acc": 95.083984375, "train/loss_bbox": 0.20491846345365047, "train/loss": 0.39401342496275904, "train/grad_norm": 3.0634325075149538, "learning_rate": 1.0000000000000002e-06, "momentum": 0.9, "_runtime": 9178, "_timestamp": 1620815455, "_step": 10325, "val/bbox_mAP": 0.221, "val/bbox_mAP_50": 0.349, "val/bbox_mAP_75": 0.235, "val/bbox_mAP_s": 0.031, "val/bbox_mAP_m": 0.197, "val/bbox_mAP_l": 0.445}