{"train/loss_rpn_cls": 0.003677090906467129, "train/loss_rpn_bbox": 0.025565741651225837, "train/loss_cls": 0.08315161100588739, "train/acc": 96.8486328125, "train/loss_bbox": 0.15251798246055842, "train/loss": 0.2649124250560999, "train/grad_norm": 4.443848133087158, "learning_rate": 5.000000000000001e-07, "momentum": 0.9, "_runtime": 8845, "_timestamp": 1621177798, "_step": 11285, "val/bbox_mAP": 0.229, "val/bbox_mAP_50": 0.387, "val/bbox_mAP_75": 0.22, "val/bbox_mAP_s": 0.041, "val/bbox_mAP_m": 0.201, "val/bbox_mAP_l": 0.409}