{"train/loss_rpn_cls": 0.007576043698936701, "train/loss_rpn_bbox": 0.028002331601455807, "train/loss_cls": 0.12715504109859466, "train/acc": 95.8837890625, "train/loss_bbox": 0.16548776924610137, "train/loss": 0.3282211843132973, "train/grad_norm": 2.982863268852234, "learning_rate": 1.0000000000000002e-06, "momentum": 0.9, "_runtime": 17035, "_timestamp": 1620843804, "_step": 7516, "val/bbox_mAP": 0.171, "val/bbox_mAP_50": 0.279, "val/bbox_mAP_75": 0.169, "val/bbox_mAP_s": 0.027, "val/bbox_mAP_m": 0.145, "val/bbox_mAP_l": 0.341}