{"train/loss_rpn_cls": 0.03736411542398855, "train/loss_rpn_bbox": 0.03358243312686682, "train/loss_glbctx": 0.3613611888885498, "train/s0.loss_cls": 0.22829536013305188, "train/s0.acc": 92.2255859375, "train/s0.loss_bbox": 0.13507643464952707, "train/s1.loss_cls": 0.10191252365708352, "train/s1.acc": 93.13534362792969, "train/s1.loss_bbox": 0.12144473411142825, "train/s2.loss_cls": 0.05082221508026123, "train/s2.acc": 93.34022415161132, "train/s2.loss_bbox": 0.07143419418483972, "train/loss_mask": 0.3496915408968925, "train/loss": 1.4909847486019134, "train/grad_norm": 14.500901975631713, "learning_rate": 5e-05, "momentum": 0.9, "_runtime": 7119, "_timestamp": 1621317670, "_step": 5241, "val/bbox_mAP": 0.225, "val/bbox_mAP_50": 0.372, "val/bbox_mAP_75": 0.235, "val/bbox_mAP_s": 0.045, "val/bbox_mAP_m": 0.204, "val/bbox_mAP_l": 0.381, "val/segm_mAP": 0.212, "val/segm_mAP_50": 0.349, "val/segm_mAP_75": 0.211, "val/segm_mAP_s": 0.038, "val/segm_mAP_m": 0.189, "val/segm_mAP_l": 0.382}