{"train/loss_rpn_cls": 0.014084135823759425, "train/loss_rpn_bbox": 0.035347424186766147, "train/loss_cls": 0.1491918318718672, "train/acc": 94.611328125, "train/loss_bbox": 0.23564797025173903, "train/loss": 0.4342713591456413, "train/grad_norm": 4.411137290000916, "learning_rate": 5.000000000000001e-07, "momentum": 0.9, "_runtime": 6105, "_timestamp": 1621143230, "_step": 12845, "val/bbox_mAP": 0.208, "val/bbox_mAP_50": 0.359, "val/bbox_mAP_75": 0.216, "val/bbox_mAP_s": 0.031, "val/bbox_mAP_m": 0.167, "val/bbox_mAP_l": 0.386}