{"train/loss_rpn_cls": 0.007087951991998125, "train/loss_rpn_bbox": 0.019394004283240066, "train/loss_glbctx": 0.0029174999229144307, "train/s0.loss_cls": 0.09134891685098409, "train/s0.acc": 96.462890625, "train/s0.loss_bbox": 0.0753325526136905, "train/s1.loss_cls": 0.03341334510128945, "train/s1.acc": 97.43150161743164, "train/s1.loss_bbox": 0.06602874398231506, "train/s2.loss_cls": 0.017129812043858692, "train/s2.acc": 97.54668930053711, "train/s2.loss_bbox": 0.04326628446113318, "train/loss_mask": 0.20103752218186854, "train/loss": 0.5569566366076469, "train/grad_norm": 4.92423987865448, "learning_rate": 5.000000000000001e-07, "momentum": 0.9, "_runtime": 21167, "_timestamp": 1621241106, "_step": 15066, "val/bbox_mAP": 0.27, "val/bbox_mAP_50": 0.413, "val/bbox_mAP_75": 0.273, "val/bbox_mAP_s": 0.051, "val/bbox_mAP_m": 0.246, "val/bbox_mAP_l": 0.47, "val/segm_mAP": 0.262, "val/segm_mAP_50": 0.41, "val/segm_mAP_75": 0.258, "val/segm_mAP_s": 0.042, "val/segm_mAP_m": 0.234, "val/segm_mAP_l": 0.471}