{"train/loss_rpn_cls": 0.566776396036148, "train/loss_rpn_bbox": 0.06551014873664826, "train/s0.loss_cls": 0.9652288621664047, "train/s0.acc": 83.92578125, "train/s0.loss_bbox": 0.16567703105509282, "train/s0.loss_mask": 0.826124404668808, "train/s1.loss_cls": 0.39795610047876834, "train/s1.acc": 89.919921875, "train/s1.loss_bbox": 0.0466225641197525, "train/s1.loss_mask": 0.47690608620643615, "train/s2.loss_cls": 0.1684331020154059, "train/s2.acc": 96.2373046875, "train/s2.loss_bbox": 0.006403912544757873, "train/s2.loss_mask": 0.22678225964307785, "train/loss": 3.9124209022521974, "train/grad_norm": 12.101498856544495, "learning_rate": 1.8819999999999993e-05, "momentum": 0.9, "_runtime": 46, "_timestamp": 1621217404, "_step": 50}