{"train/loss_rpn_cls": 0.0060138391690998105, "train/loss_rpn_bbox": 0.02976437150966376, "train/loss_cls": 0.09608275711536407, "train/acc": 96.40625, "train/loss_bbox": 0.1749455827847123, "train/loss": 0.3068065508827567, "train/grad_norm": 3.4071169018745424, "learning_rate": 5.000000000000001e-07, "momentum": 0.9, "_runtime": 7211, "_timestamp": 1620898986, "_step": 16376, "val/bbox_mAP": 0.217, "val/bbox_mAP_50": 0.373, "val/bbox_mAP_75": 0.226, "val/bbox_mAP_s": 0.033, "val/bbox_mAP_m": 0.177, "val/bbox_mAP_l": 0.403}