{"train/loss_rpn_cls": 0.5857304763793946, "train/loss_rpn_bbox": 0.08223839610815048, "train/loss_glbctx": 1.6359300708770752, "train/s0.loss_cls": 0.4066758292913437, "train/s0.acc": 91.59765625, "train/s0.loss_bbox": 0.193942518979311, "train/s1.loss_cls": 0.11704625457525253, "train/s1.acc": 96.0390625, "train/s1.loss_bbox": 0.06037353595718741, "train/s2.loss_cls": 0.04475721437484026, "train/s2.acc": 97.83984375, "train/s2.loss_bbox": 0.009073842791840434, "train/loss_mask": 3.924710054397583, "train/loss": 7.06047815322876, "train/grad_norm": 111.56835998535156, "learning_rate": 9.940099999999997e-06, "momentum": 0.9, "_runtime": 160, "_timestamp": 1621502455, "_step": 100}