{"train/loss_rpn_cls": 0.06921826584264636, "train/loss_rpn_bbox": 0.05727274725213647, "train/loss_cls": 0.321827851831913, "train/acc": 90.767578125, "train/loss_bbox": 0.32675175830721853, "train/loss": 0.7750706219673157, "train/grad_norm": 3.686698310375214, "learning_rate": 0.0001, "momentum": 0.9, "_runtime": 474, "_timestamp": 1620880313, "_step": 1155, "val/bbox_mAP": 0.058, "val/bbox_mAP_50": 0.131, "val/bbox_mAP_75": 0.046, "val/bbox_mAP_s": 0.008, "val/bbox_mAP_m": 0.063, "val/bbox_mAP_l": 0.117}