{"train/loss_cls": 0.8178500485420227, "train/loss_bbox": 0.6840439540147781, "train/loss_bbox_rf": 0.9078268527984619, "train/loss": 2.4097208642959593, "train/grad_norm": 9.895735096931457, "learning_rate": 5e-05, "momentum": 0.9, "_runtime": 672, "_timestamp": 1621248226, "_step": 656, "val/bbox_mAP": 0.006, "val/bbox_mAP_50": 0.018, "val/bbox_mAP_75": 0.002, "val/bbox_mAP_s": 0.0, "val/bbox_mAP_m": 0.009, "val/bbox_mAP_l": 0.016}