{"train/loss_rpn_cls": 0.04296083663590253, "train/loss_rpn_bbox": 0.02967618057038635, "train/loss_glbctx": 0.15975019458681344, "train/s0.loss_cls": 0.20706118039786817, "train/s0.acc": 92.71484375, "train/s0.loss_bbox": 0.14067212350666522, "train/s1.loss_cls": 0.09051017358899116, "train/s1.acc": 93.68601333618165, "train/s1.loss_bbox": 0.12280553873628378, "train/s2.loss_cls": 0.043842603657394646, "train/s2.acc": 93.99663940429687, "train/s2.loss_bbox": 0.06953643525019287, "train/loss_mask": 0.33620148330926897, "train/loss": 1.2430167627334594, "train/grad_norm": 10.07779441833496, "learning_rate": 5e-06, "momentum": 0.9, "_runtime": 28787, "_timestamp": 1621472582, "_step": 11791, "val/bbox_mAP": 0.272, "val/bbox_mAP_50": 0.42, "val/bbox_mAP_75": 0.28, "val/bbox_mAP_s": 0.052, "val/bbox_mAP_m": 0.233, "val/bbox_mAP_l": 0.461}