{"train/loss_rpn_cls": 0.0034375498504959977, "train/loss_rpn_bbox": 0.03088204564061016, "train/loss_cls": 0.08567858461290598, "train/acc": 96.8525390625, "train/loss_bbox": 0.15317174408584833, "train/loss": 0.2731699238717556, "train/grad_norm": 3.199384243488312, "learning_rate": 3.95260991626769e-07, "momentum": 0.9, "_runtime": 9795, "_timestamp": 1620948608, "_step": 16376, "val/bbox_mAP": 0.211, "val/bbox_mAP_50": 0.347, "val/bbox_mAP_75": 0.217, "val/bbox_mAP_s": 0.029, "val/bbox_mAP_m": 0.172, "val/bbox_mAP_l": 0.384}