{"train/loss_rpn_cls": 0.034962439611554146, "train/loss_rpn_bbox": 0.051209288043901326, "train/loss_cls": 0.3028418731689453, "train/acc": 90.4873046875, "train/loss_bbox": 0.29462775982916356, "train/loss": 0.6836413589119911, "train/grad_norm": 5.10322802066803, "learning_rate": 0.0001, "momentum": 0.9, "_runtime": 2442, "_timestamp": 1621180798, "_step": 3120, "val/bbox_mAP": 0.146, "val/bbox_mAP_50": 0.253, "val/bbox_mAP_75": 0.149, "val/bbox_mAP_s": 0.04, "val/bbox_mAP_m": 0.161, "val/bbox_mAP_l": 0.27}