{"train/loss_rpn_cls": 0.12690393161028624, "train/loss_rpn_bbox": 0.05227568728849292, "train/loss_glbctx": 1.1073489344120027, "train/s0.loss_cls": 0.36331580102443695, "train/s0.acc": 89.9580078125, "train/s0.loss_bbox": 0.23396880239248274, "train/s1.loss_cls": 0.13391087777912616, "train/s1.acc": 92.751953125, "train/s1.loss_bbox": 0.12902624867856502, "train/s2.loss_cls": 0.048824175670742986, "train/s2.acc": 95.88671875, "train/s2.loss_bbox": 0.030067215114831923, "train/loss_mask": 0.9512027621269226, "train/loss": 3.1768444299697878, "train/grad_norm": 13.833007125854492, "learning_rate": 5e-05, "momentum": 0.9, "_runtime": 966, "_timestamp": 1621250595, "_step": 656, "val/bbox_mAP": 0.024, "val/bbox_mAP_50": 0.063, "val/bbox_mAP_75": 0.013, "val/bbox_mAP_s": 0.001, "val/bbox_mAP_m": 0.032, "val/bbox_mAP_l": 0.053, "val/segm_mAP": 0.022, "val/segm_mAP_50": 0.046, "val/segm_mAP_75": 0.019, "val/segm_mAP_s": 0.0, "val/segm_mAP_m": 0.018, "val/segm_mAP_l": 0.053}