{"train/loss_rpn_cls": 0.008443587365545681, "train/loss_rpn_bbox": 0.02239920262712985, "train/loss_glbctx": 0.0033252669806824995, "train/s0.loss_cls": 0.1183449748158455, "train/s0.acc": 95.3795379638672, "train/s0.loss_bbox": 0.07953532236628234, "train/s1.loss_cls": 0.04132817698409781, "train/s1.acc": 96.93257080078125, "train/s1.loss_bbox": 0.07284887604881078, "train/s2.loss_cls": 0.020995124032488093, "train/s2.acc": 97.00383193969726, "train/s2.loss_bbox": 0.04822124797850847, "train/loss_mask": 0.20114662125706673, "train/loss": 0.6165884047746658, "train/grad_norm": 5.215077221393585, "learning_rate": 5.000000000000001e-07, "momentum": 0.9, "_runtime": 29414, "_timestamp": 1621390340, "_step": 16376, "val/bbox_mAP": 0.279, "val/bbox_mAP_50": 0.429, "val/bbox_mAP_75": 0.286, "val/bbox_mAP_s": 0.056, "val/bbox_mAP_m": 0.253, "val/bbox_mAP_l": 0.463, "val/segm_mAP": 0.267, "val/segm_mAP_50": 0.408, "val/segm_mAP_75": 0.264, "val/segm_mAP_s": 0.042, "val/segm_mAP_m": 0.238, "val/segm_mAP_l": 0.466}