{"train/loss_rpn_cls": 0.05058784465538338, "train/loss_rpn_bbox": 0.033418781051877886, "train/loss_glbctx": 0.1862659627944231, "train/s0.loss_cls": 0.2131412845849991, "train/s0.acc": 92.474609375, "train/s0.loss_bbox": 0.13971900396049022, "train/s1.loss_cls": 0.09325935371220112, "train/s1.acc": 93.44634582519531, "train/s1.loss_bbox": 0.12740964885801076, "train/s2.loss_cls": 0.04652683949097991, "train/s2.acc": 93.4712223815918, "train/s2.loss_bbox": 0.07184842992573977, "train/loss_mask": 0.37748763352632525, "train/loss": 1.339664787054062, "train/grad_norm": 10.409649343490601, "learning_rate": 5e-06, "momentum": 0.9, "_runtime": 563, "_timestamp": 1621485418, "_step": 11385}