{"train/loss_rpn_cls": 0.05328076965175569, "train/loss_rpn_bbox": 0.05540811511687935, "train/loss_cls": 0.31746492445468905, "train/acc": 90.3359375, "train/loss_bbox": 0.3002550546824932, "train/loss": 0.7264088615775108, "train/grad_norm": 3.79676509141922, "learning_rate": 0.0001, "momentum": 0.9, "_runtime": 2854, "_timestamp": 1620818843, "_step": 3270, "val/bbox_mAP": 0.117, "val/bbox_mAP_50": 0.211, "val/bbox_mAP_75": 0.12, "val/bbox_mAP_s": 0.03, "val/bbox_mAP_m": 0.126, "val/bbox_mAP_l": 0.216}