{"train/loss_rpn_cls": 0.2092840139567852, "train/loss_rpn_bbox": 0.05790131820365787, "train/loss_glbctx": 1.2425175285339356, "train/s0.loss_cls": 0.3647069573402405, "train/s0.acc": 90.6357421875, "train/s0.loss_bbox": 0.22091705307364465, "train/s1.loss_cls": 0.1038684856146574, "train/s1.acc": 95.5458984375, "train/s1.loss_bbox": 0.06778713002800942, "train/s2.loss_cls": 0.03522131618112326, "train/s2.acc": 97.71875, "train/s2.loss_bbox": 0.010005776300095021, "train/loss_mask": 1.4418830251693726, "train/loss": 3.75409255027771, "train/grad_norm": 17.928064765930177, "learning_rate": 3.99101e-05, "momentum": 0.9, "_runtime": 587, "_timestamp": 1621357664, "_step": 400}