{"train/loss_cls": 0.3576718854904175, "train/loss_bbox": 0.3353142610192299, "train/loss": 0.692986147403717, "train/grad_norm": 1.3437338829040528, "learning_rate": 1.0000000000000003e-05, "momentum": 0.9, "_runtime": 17215, "_timestamp": 1620864876, "_step": 16401, "val/bbox_mAP": 0.089, "val/bbox_mAP_50": 0.15, "val/bbox_mAP_75": 0.089, "val/bbox_mAP_s": 0.021, "val/bbox_mAP_m": 0.09, "val/bbox_mAP_l": 0.173}