{"train/loss_rpn_cls": 0.009812873267364922, "train/loss_rpn_bbox": 0.03229620880447328, "train/loss_cls": 0.14677418161183595, "train/acc": 94.9853515625, "train/loss_bbox": 0.19396880440413952, "train/loss": 0.3828520672023296, "train/grad_norm": 3.172553758621216, "learning_rate": 1.0000000000000002e-06, "momentum": 0.9, "_runtime": 7045, "_timestamp": 1620802323, "_step": 7861, "val/bbox_mAP": 0.212, "val/bbox_mAP_50": 0.364, "val/bbox_mAP_75": 0.207, "val/bbox_mAP_s": 0.031, "val/bbox_mAP_m": 0.193, "val/bbox_mAP_l": 0.395}