{"train/loss_rpn_cls": 0.11810065947473049, "train/loss_rpn_bbox": 0.0616682679951191, "train/loss_glbctx": 1.0991352593898773, "train/s0.loss_cls": 0.41770039439201356, "train/s0.acc": 88.2265625, "train/s0.loss_bbox": 0.2592309233546257, "train/s1.loss_cls": 0.17198728874325753, "train/s1.acc": 90.39453125, "train/s1.loss_bbox": 0.16850012704730033, "train/s2.loss_cls": 0.06909040838479996, "train/s2.acc": 92.65234375, "train/s2.loss_bbox": 0.06764888644218445, "train/loss_mask": 0.8401076889038086, "train/loss": 3.2731698989868163, "train/grad_norm": 11.567703247070312, "learning_rate": 0.0001, "momentum": 0.9, "_runtime": 829, "_timestamp": 1621219774, "_step": 656, "val/bbox_mAP": 0.058, "val/bbox_mAP_50": 0.115, "val/bbox_mAP_75": 0.053, "val/bbox_mAP_s": 0.005, "val/bbox_mAP_m": 0.045, "val/bbox_mAP_l": 0.14, "val/segm_mAP": 0.054, "val/segm_mAP_50": 0.1, "val/segm_mAP_75": 0.053, "val/segm_mAP_s": 0.002, "val/segm_mAP_m": 0.029, "val/segm_mAP_l": 0.139}