{"train/loss_cls": 0.4744447648525238, "train/loss_bbox": 0.23255337417125702, "train/loss_bbox_rf": 0.3015215304493904, "train/loss": 1.0085196745395661, "train/grad_norm": 5.317428436279297, "learning_rate": 5.000000000000001e-07, "momentum": 0.9, "_runtime": 16651, "_timestamp": 1621293396, "_step": 16376, "val/bbox_mAP": 0.189, "val/bbox_mAP_50": 0.304, "val/bbox_mAP_75": 0.184, "val/bbox_mAP_s": 0.019, "val/bbox_mAP_m": 0.149, "val/bbox_mAP_l": 0.362}