{"train/loss_rpn_cls": 0.16486232854425908, "train/loss_rpn_bbox": 0.0795654752291739, "train/loss_cls": 0.4674014586210251, "train/acc": 88.814453125, "train/loss_bbox": 0.35502867043018344, "train/loss": 1.0668579304218293, "train/grad_norm": 3.147800848484039, "learning_rate": 0.0009829630835154026, "momentum": 0.9, "_runtime": 666, "_timestamp": 1620748628, "_step": 1105, "val/bbox_mAP": 0.002, "val/bbox_mAP_50": 0.006, "val/bbox_mAP_75": 0.001, "val/bbox_mAP_s": 0.0, "val/bbox_mAP_m": 0.002, "val/bbox_mAP_l": 0.003}