{"train/loss_rpn_cls": 0.6763805866241455, "train/loss_rpn_bbox": 0.08533487351611256, "train/loss_glbctx": 2.04181369304657, "train/s0.loss_cls": 1.980245965719223, "train/s0.acc": 46.8837890625, "train/s0.loss_bbox": 0.08133434399962425, "train/s1.loss_cls": 0.7656600573658943, "train/s1.acc": 67.6279296875, "train/s1.loss_bbox": 0.02177066853542783, "train/s2.loss_cls": 0.46861318439245225, "train/s2.acc": 49.4365234375, "train/s2.loss_bbox": 0.0029677489087680444, "train/loss_mask": 5.168358039855957, "train/loss": 11.292479190826416, "train/grad_norm": 113.2954637145996, "learning_rate": 4.945099999999997e-06, "momentum": 0.9, "_runtime": 49, "_timestamp": 1621358034, "_step": 50}