{"train/loss_rpn_cls": 0.006954314176691696, "train/loss_rpn_bbox": 0.014696690138662235, "train/loss_glbctx": 0.002014288728241809, "train/s0.loss_cls": 0.08021251391619444, "train/s0.acc": 96.919921875, "train/s0.loss_bbox": 0.06381850411184133, "train/s1.loss_cls": 0.028045358499512077, "train/s1.acc": 97.93816085815429, "train/s1.loss_bbox": 0.054416274754330515, "train/s2.loss_cls": 0.013932046107947826, "train/s2.acc": 98.02044555664062, "train/s2.loss_bbox": 0.036315015321597456, "train/loss_mask": 0.1848571179807186, "train/loss": 0.48526211991906165, "train/grad_norm": 4.620249404907226, "learning_rate": 5.000000000000001e-07, "momentum": 0.9, "_runtime": 22866, "_timestamp": 1621525430, "_step": 16376, "val/bbox_mAP": 0.255, "val/bbox_mAP_50": 0.398, "val/bbox_mAP_75": 0.248, "val/bbox_mAP_s": 0.042, "val/bbox_mAP_m": 0.231, "val/bbox_mAP_l": 0.444, "val/segm_mAP": 0.243, "val/segm_mAP_50": 0.371, "val/segm_mAP_75": 0.24, "val/segm_mAP_s": 0.035, "val/segm_mAP_m": 0.217, "val/segm_mAP_l": 0.441}