{"train/loss_rpn_cls": 0.006123824675596552, "train/loss_rpn_bbox": 0.01687382095027715, "train/loss_glbctx": 0.0036211789079243317, "train/s0.loss_cls": 0.07778303775936365, "train/s0.acc": 97.03125, "train/s0.loss_bbox": 0.05964386112987995, "train/s1.loss_cls": 0.02682118782773614, "train/s1.acc": 98.0358953857422, "train/s1.loss_bbox": 0.05035987421870232, "train/s2.loss_cls": 0.014127310984767973, "train/s2.acc": 97.90826583862305, "train/s2.loss_bbox": 0.0340611803997308, "train/loss_mask": 0.1854633781313896, "train/loss": 0.47487865418195724, "train/grad_norm": 4.196754331588745, "learning_rate": 5.000000000000001e-07, "momentum": 0.9, "_runtime": 22877, "_timestamp": 1621340801, "_step": 16376, "val/bbox_mAP": 0.273, "val/bbox_mAP_50": 0.407, "val/bbox_mAP_75": 0.289, "val/bbox_mAP_s": 0.053, "val/bbox_mAP_m": 0.242, "val/bbox_mAP_l": 0.474, "val/segm_mAP": 0.267, "val/segm_mAP_50": 0.388, "val/segm_mAP_75": 0.269, "val/segm_mAP_s": 0.04, "val/segm_mAP_m": 0.225, "val/segm_mAP_l": 0.48}