{"train/loss_rpn_cls": 0.025839594728313386, "train/loss_rpn_bbox": 0.028342677876353264, "train/loss_glbctx": 0.12777321483939885, "train/s0.loss_cls": 0.17176192328333856, "train/s0.acc": 93.6953125, "train/s0.loss_bbox": 0.10778238404542208, "train/s1.loss_cls": 0.07244789782911538, "train/s1.acc": 94.88063247680664, "train/s1.loss_bbox": 0.09978096161037683, "train/s2.loss_cls": 0.035810631345957515, "train/s2.acc": 95.00967651367188, "train/s2.loss_bbox": 0.0643522522225976, "train/loss_mask": 0.278659972846508, "train/loss": 1.0125515282154083, "train/grad_norm": 12.278926515579224, "learning_rate": 5e-05, "momentum": 0.9, "_runtime": 11570, "_timestamp": 1621307638, "_step": 8510, "val/bbox_mAP": 0.244, "val/bbox_mAP_50": 0.398, "val/bbox_mAP_75": 0.247, "val/bbox_mAP_s": 0.052, "val/bbox_mAP_m": 0.209, "val/bbox_mAP_l": 0.434, "val/segm_mAP": 0.241, "val/segm_mAP_50": 0.371, "val/segm_mAP_75": 0.237, "val/segm_mAP_s": 0.04, "val/segm_mAP_m": 0.2, "val/segm_mAP_l": 0.44}