{"train/loss_rpn_cls": 0.06374964714050294, "train/loss_rpn_bbox": 0.05180524865165353, "train/loss_cls": 0.35585260927677154, "train/acc": 89.5087890625, "train/loss_bbox": 0.3060481774806976, "train/loss_mask": 0.2987727931141853, "train/loss": 1.0762284743785857, "train/grad_norm": 2.851221914291382, "learning_rate": 0.02, "momentum": 0.9, "_runtime": 3973, "_timestamp": 1620794283, "_step": 3725, "val/bbox_mAP": 0.09, "val/bbox_mAP_50": 0.169, "val/bbox_mAP_75": 0.089, "val/bbox_mAP_s": 0.021, "val/bbox_mAP_m": 0.087, "val/bbox_mAP_l": 0.171, "val/segm_mAP": 0.088, "val/segm_mAP_50": 0.15, "val/segm_mAP_75": 0.085, "val/segm_mAP_s": 0.019, "val/segm_mAP_m": 0.081, "val/segm_mAP_l": 0.172}