{"train/loss_rpn_cls": 0.11034148092381656, "train/loss_rpn_bbox": 0.07291640345007182, "train/loss_cls": 0.4076445032656193, "train/acc": 88.94921875, "train/loss_bbox": 0.38652143090963365, "train/loss": 0.9774238193035125, "train/grad_norm": 4.605581362247467, "learning_rate": 0.0001, "momentum": 0.9, "_runtime": 291, "_timestamp": 1620882052, "_step": 656, "val/bbox_mAP": 0.055, "val/bbox_mAP_50": 0.134, "val/bbox_mAP_75": 0.035, "val/bbox_mAP_s": 0.007, "val/bbox_mAP_m": 0.063, "val/bbox_mAP_l": 0.108}