{"train/loss_rpn_cls": 0.007610350121103693, "train/loss_rpn_bbox": 0.017052746023982764, "train/loss_glbctx": 0.0021870532771572472, "train/s0.loss_cls": 0.07669304959475993, "train/s0.acc": 97.068359375, "train/s0.loss_bbox": 0.058938182052224876, "train/s1.loss_cls": 0.02532945178449154, "train/s1.acc": 98.16712707519531, "train/s1.loss_bbox": 0.04944427374750376, "train/s2.loss_cls": 0.013033124243374914, "train/s2.acc": 98.13524765014648, "train/s2.loss_bbox": 0.03439500058069825, "train/loss_mask": 0.19001558691263198, "train/loss": 0.47469881653785706, "train/grad_norm": 4.319322700500488, "learning_rate": 5.000000000000001e-07, "momentum": 0.9, "_runtime": 23402, "_timestamp": 1621275387, "_step": 16376, "val/bbox_mAP": 0.284, "val/bbox_mAP_50": 0.438, "val/bbox_mAP_75": 0.286, "val/bbox_mAP_s": 0.064, "val/bbox_mAP_m": 0.263, "val/bbox_mAP_l": 0.456, "val/segm_mAP": 0.274, "val/segm_mAP_50": 0.421, "val/segm_mAP_75": 0.274, "val/segm_mAP_s": 0.051, "val/segm_mAP_m": 0.243, "val/segm_mAP_l": 0.463}