{"train/loss_rpn_cls": 0.02979600999504328, "train/loss_rpn_bbox": 0.03590329007711261, "train/loss_glbctx": 0.14425313169136644, "train/s0.loss_cls": 0.20753602929413317, "train/s0.acc": 92.7119140625, "train/s0.loss_bbox": 0.1356325613334775, "train/s1.loss_cls": 0.08744332080706954, "train/s1.acc": 93.82328369140625, "train/s1.loss_bbox": 0.11875008761882783, "train/s2.loss_cls": 0.042808161890134214, "train/s2.acc": 94.09922912597656, "train/s2.loss_bbox": 0.0735833941027522, "train/loss_mask": 0.28078179121017455, "train/loss": 1.1564877781271934, "train/grad_norm": 12.264117813110351, "learning_rate": 5e-05, "momentum": 0.9, "_runtime": 13464, "_timestamp": 1621356736, "_step": 7200, "val/bbox_mAP": 0.248, "val/bbox_mAP_50": 0.401, "val/bbox_mAP_75": 0.255, "val/bbox_mAP_s": 0.043, "val/bbox_mAP_m": 0.229, "val/bbox_mAP_l": 0.401, "val/segm_mAP": 0.234, "val/segm_mAP_50": 0.372, "val/segm_mAP_75": 0.239, "val/segm_mAP_s": 0.037, "val/segm_mAP_m": 0.207, "val/segm_mAP_l": 0.401}