{"train/loss_rpn_cls": 0.044193602185696367, "train/loss_rpn_bbox": 0.03348087924998253, "train/loss_glbctx": 0.1744441406801343, "train/s0.loss_cls": 0.20799584366381169, "train/s0.acc": 92.78125, "train/s0.loss_bbox": 0.13522677540779113, "train/s1.loss_cls": 0.09014895560219884, "train/s1.acc": 93.9203305053711, "train/s1.loss_bbox": 0.12019536335021258, "train/s2.loss_cls": 0.04373155387118459, "train/s2.acc": 94.04436264038085, "train/s2.loss_bbox": 0.07032442010939122, "train/loss_mask": 0.3331452518701553, "train/loss": 1.252886792421341, "train/grad_norm": 10.084115080833435, "learning_rate": 5e-06, "momentum": 0.9, "_runtime": 516, "_timestamp": 1621492581, "_step": 11385}