{"train/loss_rpn_cls": 0.007338804341125069, "train/loss_rpn_bbox": 0.01703111591283232, "train/loss_glbctx": 0.002950366248260252, "train/s0.loss_cls": 0.0834301806986332, "train/s0.acc": 96.708984375, "train/s0.loss_bbox": 0.06607334119267762, "train/s1.loss_cls": 0.030132171832956373, "train/s1.acc": 97.69546401977539, "train/s1.loss_bbox": 0.05928529925644398, "train/s2.loss_cls": 0.0157868340308778, "train/s2.acc": 97.67834930419922, "train/s2.loss_bbox": 0.03972501363605261, "train/loss_mask": 0.197947256565094, "train/loss": 0.5197003862261772, "train/grad_norm": 4.554478569030762, "learning_rate": 5.000000000000001e-07, "momentum": 0.9, "_runtime": 27492, "_timestamp": 1621422581, "_step": 16376, "val/bbox_mAP": 0.273, "val/bbox_mAP_50": 0.425, "val/bbox_mAP_75": 0.275, "val/bbox_mAP_s": 0.046, "val/bbox_mAP_m": 0.242, "val/bbox_mAP_l": 0.488, "val/segm_mAP": 0.271, "val/segm_mAP_50": 0.412, "val/segm_mAP_75": 0.271, "val/segm_mAP_s": 0.038, "val/segm_mAP_m": 0.231, "val/segm_mAP_l": 0.503}