{"train/loss_rpn_cls": 0.1383528082817793, "train/loss_rpn_bbox": 0.057414056248962876, "train/loss_glbctx": 1.0611901152133942, "train/s0.loss_cls": 0.3873372238874435, "train/s0.acc": 89.03515625, "train/s0.loss_bbox": 0.25356015883386135, "train/s1.loss_cls": 0.13856649123132228, "train/s1.acc": 92.638671875, "train/s1.loss_bbox": 0.1311785402148962, "train/s2.loss_cls": 0.04803386159241199, "train/s2.acc": 95.984375, "train/s2.loss_bbox": 0.027806386183947325, "train/loss_mask": 0.9312958610057831, "train/loss": 3.1747354745864866, "train/grad_norm": 12.895764408111573, "learning_rate": 5e-05, "momentum": 0.9, "_runtime": 587, "_timestamp": 1621251527, "_step": 650}