{"train/loss_rpn_cls": 0.06593577414751053, "train/loss_rpn_bbox": 0.05740195164456963, "train/loss_cls": 0.34769584506750106, "train/acc": 89.78125, "train/loss_bbox": 0.3640117259323597, "train/loss": 0.8350452899932861, "train/grad_norm": 5.18841260433197, "learning_rate": 5e-05, "momentum": 0.9, "_runtime": 748, "_timestamp": 1621137048, "_step": 1560, "val/bbox_mAP": 0.096, "val/bbox_mAP_50": 0.199, "val/bbox_mAP_75": 0.082, "val/bbox_mAP_s": 0.013, "val/bbox_mAP_m": 0.099, "val/bbox_mAP_l": 0.188}