{"train/loss_rpn_cls": 0.045591694191098216, "train/loss_rpn_bbox": 0.03541745685040951, "train/loss_glbctx": 0.18013107936829328, "train/s0.loss_cls": 0.2190724304318428, "train/s0.acc": 92.072265625, "train/s0.loss_bbox": 0.14952108949422838, "train/s1.loss_cls": 0.09567578844726085, "train/s1.acc": 93.2981527709961, "train/s1.loss_bbox": 0.13072979994118214, "train/s2.loss_cls": 0.047371165230870246, "train/s2.acc": 93.28386871337891, "train/s2.loss_bbox": 0.07705961517989636, "train/loss_mask": 0.3538148483633995, "train/loss": 1.334384973049164, "train/grad_norm": 10.848550720214844, "learning_rate": 5e-06, "momentum": 0.9, "_runtime": 117, "_timestamp": 1621484756, "_step": 11840}