{"train/loss_rpn_cls": 0.006042138141310716, "train/loss_rpn_bbox": 0.02666936525143683, "train/loss_cls": 0.09103231601417065, "train/acc": 96.6396484375, "train/loss_bbox": 0.1586616136133671, "train/loss": 0.2824054328352213, "train/grad_norm": 3.4315102434158327, "learning_rate": 5.000000000000001e-07, "momentum": 0.9, "_runtime": 7791, "_timestamp": 1621080108, "_step": 16376, "val/bbox_mAP": 0.208, "val/bbox_mAP_50": 0.36, "val/bbox_mAP_75": 0.201, "val/bbox_mAP_s": 0.031, "val/bbox_mAP_m": 0.176, "val/bbox_mAP_l": 0.39}