{"train/loss_rpn_cls": 0.06917118405923248, "train/loss_rpn_bbox": 0.05328910682350397, "train/loss_cls": 0.3572584545612335, "train/acc": 89.9306640625, "train/loss_bbox": 0.31657286167144777, "train/loss": 0.7962916028499604, "train/grad_norm": 2.521300821304321, "learning_rate": 0.0005, "momentum": 0.9, "_runtime": 977, "_timestamp": 1620881641, "_step": 2315, "val/bbox_mAP": 0.071, "val/bbox_mAP_50": 0.14, "val/bbox_mAP_75": 0.063, "val/bbox_mAP_s": 0.011, "val/bbox_mAP_m": 0.077, "val/bbox_mAP_l": 0.125}