{"train/loss_rpn_cls": 0.11202391136437655, "train/loss_rpn_bbox": 0.05342766369692981, "train/loss_glbctx": 1.0019070422649383, "train/s0.loss_cls": 0.3746730789542198, "train/s0.acc": 89.291015625, "train/s0.loss_bbox": 0.24339431032538414, "train/s1.loss_cls": 0.14802167937159538, "train/s1.acc": 91.5283203125, "train/s1.loss_bbox": 0.15988938190042973, "train/s2.loss_cls": 0.05894709538668394, "train/s2.acc": 93.771484375, "train/s2.loss_bbox": 0.0550185402855277, "train/loss_mask": 0.7879753601551056, "train/loss": 2.995278022289276, "train/grad_norm": 12.039430799484252, "learning_rate": 5e-05, "momentum": 0.9, "_runtime": 991, "_timestamp": 1621360672, "_step": 855, "val/bbox_mAP": 0.024, "val/bbox_mAP_50": 0.066, "val/bbox_mAP_75": 0.011, "val/bbox_mAP_s": 0.001, "val/bbox_mAP_m": 0.03, "val/bbox_mAP_l": 0.057, "val/segm_mAP": 0.024, "val/segm_mAP_50": 0.053, "val/segm_mAP_75": 0.017, "val/segm_mAP_s": 0.0, "val/segm_mAP_m": 0.015, "val/segm_mAP_l": 0.063}