{"train/loss_rpn_cls": 0.11430066414177417, "train/loss_rpn_bbox": 0.06772288950160146, "train/loss_cls": 0.4048227918148041, "train/acc": 89.130859375, "train/loss_bbox": 0.3848654553294182, "train/loss": 0.9717117947340012, "train/grad_norm": 4.522589316368103, "learning_rate": 0.0001, "momentum": 0.9, "_runtime": 297, "_timestamp": 1621071635, "_step": 656, "val/bbox_mAP": 0.045, "val/bbox_mAP_50": 0.107, "val/bbox_mAP_75": 0.031, "val/bbox_mAP_s": 0.003, "val/bbox_mAP_m": 0.054, "val/bbox_mAP_l": 0.091}