{"train/loss_rpn_cls": 0.07083899604156613, "train/loss_rpn_bbox": 0.06306893784552813, "train/loss_cls": 0.377650645673275, "train/acc": 88.8974609375, "train/loss_bbox": 0.3246843735873699, "train/loss": 0.8362429586052894, "train/grad_norm": 2.295110893249512, "learning_rate": 0.02, "momentum": 0.9, "_runtime": 1803, "_timestamp": 1620747355, "_step": 2970, "val/bbox_mAP": 0.087, "val/bbox_mAP_50": 0.164, "val/bbox_mAP_75": 0.082, "val/bbox_mAP_s": 0.021, "val/bbox_mAP_m": 0.096, "val/bbox_mAP_l": 0.158}