{"train/loss_rpn_cls": 0.14296688199043273, "train/loss_rpn_bbox": 0.07681366749107837, "train/loss_cls": 0.44276339799165726, "train/acc": 89.123046875, "train/loss_bbox": 0.3518416929244995, "train/loss": 1.014385644197464, "train/grad_norm": 2.7581893491744993, "learning_rate": 0.0007653350568250924, "momentum": 0.9, "_runtime": 485, "_timestamp": 1620786304, "_step": 755, "val/bbox_mAP": 0.023, "val/bbox_mAP_50": 0.054, "val/bbox_mAP_75": 0.014, "val/bbox_mAP_s": 0.001, "val/bbox_mAP_m": 0.034, "val/bbox_mAP_l": 0.046}