{"train/loss_rpn_cls": 0.08629369750618934, "train/loss_rpn_bbox": 0.04225011371541768, "train/loss_glbctx": 0.9244394278526307, "train/s0.loss_cls": 0.32397866904735567, "train/s0.acc": 90.3125, "train/s0.loss_bbox": 0.2018588088452816, "train/s1.loss_cls": 0.14357292845845224, "train/s1.acc": 91.4139094543457, "train/s1.loss_bbox": 0.15611845016479492, "train/s2.loss_cls": 0.06557702414691448, "train/s2.acc": 92.17611694335938, "train/s2.loss_bbox": 0.07793313138186932, "train/loss_mask": 0.5680326417088508, "train/loss": 2.5900549030303956, "train/grad_norm": 11.148190393447877, "learning_rate": 5e-05, "momentum": 0.9, "_runtime": 1446, "_timestamp": 1621309714, "_step": 1305, "val/bbox_mAP": 0.021, "val/bbox_mAP_50": 0.067, "val/bbox_mAP_75": 0.007, "val/bbox_mAP_s": 0.002, "val/bbox_mAP_m": 0.027, "val/bbox_mAP_l": 0.05, "val/segm_mAP": 0.02, "val/segm_mAP_50": 0.049, "val/segm_mAP_75": 0.014, "val/segm_mAP_s": 0.001, "val/segm_mAP_m": 0.012, "val/segm_mAP_l": 0.055}