{"train/loss_rpn_cls": 0.0015825734151076176, "train/loss_rpn_bbox": 0.022120666289702058, "train/loss_cls": 0.05894740542396903, "train/acc": 97.7646484375, "train/loss_bbox": 0.11906112335622311, "train/loss": 0.2017117676138878, "train/grad_norm": 3.736776671409607, "learning_rate": 5.000000000000001e-07, "momentum": 0.9, "_runtime": 12696, "_timestamp": 1621167919, "_step": 16376, "val/bbox_mAP": 0.239, "val/bbox_mAP_50": 0.376, "val/bbox_mAP_75": 0.251, "val/bbox_mAP_s": 0.036, "val/bbox_mAP_m": 0.197, "val/bbox_mAP_l": 0.426}